name,symbol,quote_USD_volume_24h,quote_USD_price,quote_USD_percent_change_60d,quote_USD_market_cap_dominance,quote_USD_percent_change_90d,quote_USD_market_cap,quote_USD_percent_change_1h,quote_USD_percent_change_30d,quote_USD_volume_change_24h,quote_USD_percent_change_7d,num_market_pairs,cmc_rank,quote_USD_fully_diluted_market_cap,quote_USD_percent_change_24h,total_supply,circulating_supply
All Street Bets,BETS,213343.47522833,0.0001585977324221,-23.52100651,0.0,-33.31364687,0.0,0.2213306,64.45873645,19.8626,36.03811972,4,3369,1585977.32,-2.23860149,10000000000.0,0.0
lilpump,LILPUMP,180936.00115733,0.0006820923467705,-61.69663428,0.0,-82.23931835,0.0,-0.02010245,-36.52625311,19.5901,-22.93359481,12,3436,682092.35,-9.82071719,1000000000.0,0.0
Chimpzee,CHMPZ,162285.65020661,0.0001088867428761,25.72030182,0.0,49.31693647,0.0,-0.03652499,-4.96460003,0.336,-8.28748604,5,3477,2177734.86,0.99139276,20000000000.0,0.0
Nobiko Coin,LONG,140568.77741093,0.0004719068318249,-91.00324528,0.0,-95.13436468,0.0,-0.00554263,-21.05997788,5.4133,-28.45803551,4,3548,471906.83,-7.33901561,998388663.95,0.0
Thing,THING,139349.41709182,2.5807907478122463e-08,-84.7009804,0.0,-83.99989997,0.0,0.07943283,44.90770311,9.4307,9.36300019,2,3552,25807.91,1.66186584,1000000000000.0,0.0
Mahabibi Bin Solman,MBS,134972.33793626,5.786616283130704e-05,-66.07532959,0.0,-74.02391138,0.0,-0.10461701,-9.1730185,2.3746,0.08318747,3,3576,57866.16,0.08344512,1000000000.0,0.0
XFLOKI,XFLOKI,129604.38739711,6.052405821607035e-07,0.01277746,0.0,0.18373632,0.0,-0.01281768,0.01762609,10.4189,-0.0035276,5,3609,60524.06,-0.00619324,100000000000.0,0.0
Father Of Meme: Origin,FOMO,127314.37606334,0.000157516086317,-46.39876368,0.0,-57.70727905,0.0,-0.00259544,-0.32716221,0.3054,1.73332087,6,3622,157516.09,-0.30918343,1000000000.0,0.0
Cheese,CHEESE,106893.74450102,0.0013336626040099,-67.51911956,0.0,-67.51911956,0.0,-0.21171338,-26.32998907,14.2804,-36.7907344,5,3711,1333662.6,-9.96028492,0.0,0.0
Ski Mask Dog,SKI,98387.51930874,0.0011197755549308,-47.49551255,0.0,-79.41598337,0.0,-0.02049557,49.3483758,121.0546,40.12439599,9,3744,1119775.55,7.21206605,1000000000.0,0.0
JANI,JANI,87857.75160906,0.0011089486051182,1.79388352,0.0,18.27855242,0.0,0.03661292,2.58740551,-16.2637,12.57273617,3,3786,1108948.61,2.14133144,0.0,0.0
TOP G,TOPG,83729.67864934,0.0005194910133443,-19.21848336,0.0,-56.14533747,0.0,0.08040197,29.25152101,178.1381,19.64910055,20,3806,214303.35,-0.63236321,412525609.0,0.0
Birddog (birddogtron.com),BOG,76936.59480982,0.0007922919734316,-68.32569751,0.0,-68.32569751,0.0,0.0659691,-63.40927051,-11.9747,-8.62885949,3,3861,792291.97,14.67045319,1000000000.0,0.0
BabyCate,BABYCATE,70387.5156144,5.163031940142834e-07,-9.17997181,0.0,-9.17997181,0.0,0.38221077,-9.17997181,40.0887,-9.17997181,1,3903,356249.2,5.28221067,690000000000.0,0.0
FEAR NOT,FEARNOT,63089.16672999,4.128296375599657e-06,-33.94583724,0.0,-91.38815798,0.0,0.3137811,58.61765894,-64.3936,7.79729399,12,3951,1736733.0,6.86534484,420690000000.0,0.0
Coding Dino,DINO,57344.24535747,5.213944235875076e-05,-27.66223681,0.0,-36.88353343,0.0,0.50183018,-0.89128423,8.6061,-0.04077861,6,4001,1042788.85,1.11682892,20000000000.0,0.0
TrumpMAGA,$TRUMAGA,49854.48536656,1.6125354262320436e-07,-59.97586029,0.0,-83.11391057,0.0,0.23057338,-14.07108764,-12.0365,-3.81020862,3,4069,67837.75,-10.183926,390000000000.0,0.0
Grok Cat,GROKCAT,42325.54783501,0.0003398687605873,70.81564869,0.0,-1.01223022,0.0,0.32512525,23.78739773,108.973,-3.85475784,4,4143,1427448.79,7.55729131,4200000000.0,0.0
Guufy,GUUFY,42132.76571583,3.008360896707823e-05,-35.18369654,0.0,-24.10270595,0.0,-0.07383034,6.18838949,18.4022,3.61272643,3,4146,219609.99,1.88491631,7299988083.0,0.0
BOBER,BOBER,41129.812776,0.0002579474599722,-15.19166453,0.0,-15.19166453,0.0,-0.08505044,-15.19166453,-53.3919,-10.17653806,2,4163,1797737.48,2.83000293,6969393998.0,0.0
DopaMeme,DOPA,38460.24061475,0.0004478466120535,-42.8467826,0.0,-57.40263593,0.0,0.4327698,4.62652795,-18.9201,3.669907,2,4195,447846.61,2.10647421,999999998.0,0.0
DORK LORD,DORKL,37696.41760295,0.0003054407191189,-21.98766848,0.0,-49.30823596,0.0,0.51214015,13.55094957,1.7632,16.36622516,15,4202,305440.72,6.68454455,1000000000.0,0.0
mao,MAO,36256.02602851,0.0001000745605089,-69.7549833,0.0,-77.49838843,0.0,0.04735149,6.87382608,-56.5338,16.95067906,3,4224,100074.56,-11.052507,1000000000.0,0.0
Game of Memes,GOME,30043.49282326,0.0012661644686896,-29.46805205,0.0,-62.94202565,0.0,0.48090055,40.40217427,-49.366,15.2431373,16,4308,824905.79,0.93887989,651499718.0,0.0
Andrea Von Speed,VONSPEED,26534.87200836,0.0002245312319016,-2.26612875,0.0,-59.677973,0.0,-0.0492335,0.05667214,-80.5136,43.48468252,6,4372,224531.23,6.70343456,1000000000.0,0.0
PUCCA,PUCCA,20065.45078566,0.0016669854665968,-92.18691692,0.0,-92.18691692,0.0,0.26914607,-66.93589123,-12.4931,-12.00051302,2,4498,1666985.47,2.27997866,843099855.0,0.0
Sealwifhat,SI,17438.57258673,0.000259921062549,-52.54910672,0.0,-27.76293235,0.0,0.35307663,41.71344714,21.7884,36.73794688,5,4564,259882.71,4.20266984,999852450.6,0.0
Abble,AABL,15501.94084691,0.0011712407576089,-39.14472976,0.0,-53.11750671,0.0,0.02761917,20.25719813,-61.7185,-18.02805131,17,4609,1171240.76,0.66831435,1000000000.0,0.0
Pigcoin,PIG,14730.28834248,1.0329130796136004e-06,-27.18240729,0.0,-50.04053716,0.0,0.29045598,33.84046836,-63.1481,35.16868095,9,4638,3098739.24,1.73384585,3000000000000.0,0.0
Kem Jeng Un,$KEM,14274.31253811,0.0001511427270711,-87.36016588,0.0,-83.94331071,0.0,0.45791541,-55.79133311,26.7825,-12.04885994,4,4651,151142.73,-2.48874973,1000000000.0,0.0
Crypto Villains,CV,13819.50098802,0.000386048421983,-2.76807308,0.0,20.46113556,0.0,-0.01281768,2.38225111,5.7606,-0.26997612,2,4672,1564656.37,0.00446467,4053005489.0,0.0
Solnic,SOLNIC,11387.60074883,0.0013813624177124,-32.71076669,0.0,-28.40631615,0.0,0.37028005,0.22498828,67.1136,17.96724484,3,4773,1312160.16,13.39173577,949902895.37,0.0
World Liberty Financial (wlfi.one),WLFI,11350.27218302,1.3469070188832324e-05,-39.90629447,0.0,-39.90629447,0.0,0.0,-39.90629447,174.7232,-31.77479145,1,4776,134690.7,4.74543468,10000000000.0,0.0
bicho,BICHO,11266.38400286,0.0003101872308896,-49.96699013,0.0,-87.07951759,0.0,-0.12760518,31.8837552,-85.2669,49.39514061,7,4780,159593.4,-13.30565428,514506672.0,0.0
SAUCEINU,SAUCEINU,10402.61615564,1.1203781284978408e-05,-3.78880085,0.0,-3.78880085,0.0,0.2331918,-3.78880085,-9.6509,-3.78880085,12,4827,1120378.13,7.42387032,100000000000.0,0.0
go fu*k yourself.,GFY,9467.98779533,4.5315428861422763e-07,-12.72466352,0.0,-18.11733335,0.0,-0.04115732,26.44215758,30.0083,-1.6112682,7,4860,312676.46,-6.8919104,682021347140.0,0.0
Frencoin,FREN,9405.20722589,7.850747136747615e-07,-50.52593161,0.0,-57.11869199,0.0,0.0299687,3.1551485,45.2552,3.55794335,6,4864,309539.25,14.11065425,394279989999.0,0.0
Pink,PINK,8710.23636037,0.0003050780375421,-16.38105809,0.0,-50.31983143,0.0,0.13327682,30.14869999,67.925,22.48964397,5,4904,701679.86,11.85307467,2300001221.0,0.0
Bulei,BULEI,8561.85572802,6.118172660354245e-07,-53.12387194,0.0,-84.97736618,0.0,0.0,34.35349984,-24.9893,13.59748316,8,4911,257385.41,6.90935975,420690000000.0,0.0
SheiShei,SHEI,8352.60604178,2.53648548529171e-10,-46.18109757,0.0,-93.23357842,0.0,0.0,20.31743606,-34.4267,42.92203346,2,4927,106707.41,4.71813362,0.0,0.0
MAGA CAT,MAGACAT,8350.19578902,7.564572225241263e-05,-83.78753116,0.0,-83.78753116,0.0,0.0,-83.78753116,-19.9693,-8.68353405,1,4928,75645.72,6.78814833,1000000000.0,0.0
Gentleman,MAN,7651.7698683,0.0004264251630766,-42.56327621,0.0,-74.53527149,0.0,0.0,-16.5333768,15.443,-7.25354724,1,4971,426425.16,3.11295397,1000000000.0,0.0
Trump Mania,TMANIA,6590.97228045,0.0002685926324233,-37.89000074,0.0,-92.64099809,0.0,-0.02374715,-43.38446627,-34.6056,3.73059586,6,5045,268592.63,0.02220487,1000000000.0,0.0
KEN,KEN,6511.16613216,4.084200684179296e-05,-99.36714266,0.0,-99.36714266,0.0,0.02032286,-52.06141172,-6.6823,-37.54341081,5,5051,40842.01,-4.15178115,1000000000.0,0.0
Tonald Trump,TONALD,6403.44117709,0.0005324976568752,-79.61144862,0.0,-89.21596831,0.0,0.33040792,9.86338285,-24.0226,7.63911877,1,5059,532497.66,3.9372603,1000000000.0,0.0
Bretta (Brett’s Wife),BRETTA,6221.59261682,0.0001684947277597,-50.81545407,0.0,-53.47388752,0.0,-0.15807047,-26.3003441,-48.6998,-17.3186216,2,5077,168494.73,-7.28457714,1000000000.0,0.0
Trump Pepe,TRUMPE,6103.59518805,0.0012156519776137,-54.86704734,0.0,-75.79327408,0.0,0.0,-15.08519447,109.3011,-2.94626631,3,5085,121565.2,-2.20008194,0.0,0.0
ZEBU,ZEBU,5957.34620215,0.0001637474678229,-18.48942967,0.0,-45.07708815,0.0,0.27872499,3.31691579,-7.8571,4.47183417,8,5096,163747.47,-1.04559317,1000000000.0,0.0
Baby WLFI,BABYWLFI,5866.94402205,0.0001434053874928,-29.4941013,0.0,-29.4941013,0.0,0.0,-29.4941013,132.96,-28.10460599,1,5109,143405.39,10.13080596,1000000000.0,0.0
KRAZY KAMALA,KAMALA,5592.67049498,0.0003931284464031,-88.06753691,0.0,-88.06753691,0.0,0.13255965,-66.72235675,-51.7412,-6.68400068,2,5129,393128.45,-1.55376188,1000000000.0,0.0
EGG SOL,EGG,5531.30063027,2.47272526397796e-05,-37.02821144,0.0,-67.4422072,0.0,0.03687327,-19.19359579,10.1031,-11.98122044,6,5137,148045.58,-6.75567942,5987142167.27,0.0
Jail Cat,CUFF,5077.0051741,0.0001105989524781,-74.77138329,0.0,-44.81315285,0.0,0.01709653,39.46376635,31.5216,21.83953904,14,5182,83702.68,4.48342824,756812632.2,0.0
simbawifhat,SWH,5055.62013324,3.4896199527676558e-06,-20.7116813,0.0,-29.75067237,0.0,0.00622885,23.29753392,-15.6332,11.86495432,4,5185,31406.58,0.23685885,9000000000.0,0.0
ROCKY,ROCKY,4963.1400575,0.0006196605457632,-38.50935319,0.0,-65.84724579,0.0,0.00045327,29.71126313,-50.2325,14.14639901,6,5199,619660.55,4.90027786,1000000000.0,0.0
Kabosu Family,KABOSU,4913.18490226,4.850133315333382e-07,3.74353649,0.0,-22.11479123,0.0,-0.0060949,11.06352281,14.0128,8.56789435,4,5205,48501.33,6.33935058,100000000000.0,0.0
Fottie,FOTTIE,4800.05760617,8.233536745916939e-07,-45.3666854,0.0,-77.81051713,0.0,0.0,-36.12988141,-4.1389,-19.9718864,5,5217,346376.66,0.6087091,420690000000.0,0.0
DICAPRIO CHEERS,CHEERS,4401.99382998,0.0005806550252107,-12.32749459,0.0,3.3932794,0.0,-0.02973922,19.47625245,17.7132,2.9517576,2,5254,580655.03,-1.03514649,1000000000.0,0.0
Liquor,$LIQ,4105.84045279,3.385915397511021e-05,-25.37722725,0.0,-25.37722725,0.0,0.25238019,-25.37722725,68.8881,-25.37722725,1,5295,2359880.43,-10.76638483,69696969696.0,0.0
Peepo (SOL),$PEEP,4012.3348475,5.771865851969413e-06,-46.90204212,0.0,-46.01455114,0.0,0.01981663,8.16416506,25.3117,-13.33804927,17,5307,316839.47,-6.20401051,54893769269.96,0.0
Save America,DJT,3946.61334685,0.0002676983130843,-47.06272019,0.0,-83.26039972,0.0,0.0,33.74276825,0.0,13.20053632,1,5321,267698.31,-2.2868141,1000000000.0,0.0
Kermit,KERMIT,3479.04704219,9.019029398584468e-05,-54.71528581,0.0,-51.75672797,0.0,-0.10869191,3.26036137,71.8075,4.49803318,9,5400,90190.29,-5.3937421,1000000000.0,0.0
Shroomates,SHROOM,3043.71729636,0.0007329786943319,-32.03332337,0.0,-19.51331803,0.0,0.06827551,10.50736186,-89.333,8.21501538,9,5455,1041335.49,0.81859173,1420689979.0,0.0
Peplo Escobar,PEPLO,2791.65222596,0.0001317176441137,-66.22533052,0.0,-81.27867616,0.0,0.0,-30.72112906,70.4961,-4.09035325,1,5495,131717.64,2.22437756,950000000.0,0.0
Sentinel Bot Ai,SNT,2768.81610225,0.0003238588205731,4.40090944,0.0,55.21222445,0.0,0.0,70.47982024,-88.5901,18.65270543,1,5502,323858.82,12.33828256,1000000000.0,0.0
Jeetolax,JEETOLAX,2748.54000518,5.980770513368734e-05,-34.52912021,0.0,-0.71891777,0.0,0.0,-2.679446,-70.8669,2.86830611,1,5506,59807.71,4.60209689,1000000000.0,0.0
Doomer,DOOMER,2535.19428697,0.0004277238965232,-59.28976873,0.0,-73.19993586,0.0,0.15426894,7.47911586,-82.6707,-15.15446117,3,5542,427723.9,1.57224957,1000000000.0,0.0
Sol Killer,DAMN,2496.19538751,1.1210743458145835e-05,-7.95205041,0.0,-39.95820648,0.0,0.0,18.22798764,-73.5447,22.73404438,2,5549,773541.3,7.41423986,69000000000.0,0.0
Cope,COPE,2491.79230989,1.4781105936391635e-06,-37.45070098,0.0,-56.62564161,0.0,0.0,7.74619608,0.0,-7.61744851,3,5550,101989.63,-4.43426081,0.0,0.0
Frogonsol,FROG,2422.97977655,1.6471173012619885e-05,-17.42789488,0.0,5.9269954,0.0,0.0,-0.35937284,-89.9419,6.27402749,3,5570,1136510.94,0.38607036,69000000000.0,0.0
Dogecoin 2.0,DOGE2,2396.05949974,2.1664871974019206e-07,-98.39814998,0.0,-98.39814998,0.0,0.0,-5.04357625,0.0,-5.44712129,1,5572,31459.56,-12.91958958,145210000000.0,0.0
GHETTO PEPE,HOOD,2348.56985096,1.2510610917200222e-07,21.50559953,0.0,21.50559953,0.0,0.0,21.50559953,27.1712,6.19167692,1,5580,187659.16,-6.4056443,1500000000000.0,0.0
StreamerInu,STRM,2317.41223574,0.0001897221326928,-7.68449683,0.0,-44.75971462,0.0,0.0,-14.31538515,0.0,8.15933562,3,5589,284583.2,8.72014407,1500000000.0,0.0
Pe,PE,2139.22398836,0.0001783105896974,-2.051239,0.0,-37.65991772,0.0,0.0,61.00644657,173.2508,38.54760196,1,5628,75013.48,8.24643699,420690000.0,0.0
Andy (SOL),ANDY,2022.16185532,0.0001462579901093,-45.67185129,0.0,-38.92896678,0.0,0.23169907,14.11460937,57.4502,4.54191267,3,5654,146242.52,8.35899141,999894219.0,0.0
Smolcoin,SMOL,2016.82852082,9.512324785429686e-07,-38.2661176,0.0,-38.93139639,0.0,-0.07559083,-6.59194443,-29.9304,3.85139506,22,5656,951232.48,0.44435378,1000000000000.0,0.0
Didi Duck,DIDID,1732.22668024,0.0001895546945638,-40.39515284,0.0,-70.68992823,0.0,0.10369463,-9.01658073,152.836,-13.34579145,3,5736,0.0,-0.14773573,0.0,0.0
Dogelana,DGLN,1732.00243539,7.409227845099084e-06,9.08818018,0.0,-13.64610903,0.0,0.22074713,8.01087504,-86.4182,2.59058314,5,5738,100024.58,-8.91353222,13500000000.0,0.0
Baby Neiro Coin Sol,BABYNEIRO,1724.03463188,4.690330044366432e-06,-91.63846289,0.0,-91.63846289,0.0,0.0,29.8114082,-39.5393,-1.99780973,2,5742,46903.3,-12.35125533,10000000000.0,0.0
Solordi,SOLO,1681.38831391,0.0006156043570673,-63.03860198,0.0,-63.47816699,0.0,-0.00645107,-3.56573403,-83.6896,24.38986183,2,5758,615604.36,0.92959199,1000000000.0,0.0
POPDOG,POPDOG,1642.5499556,4.05003434600741e-05,-90.73792618,0.0,-89.30644466,0.0,-0.10984654,-14.67590714,-35.8829,6.17326384,4,5775,40499.39,-4.70607058,999976537.0,0.0
Solana Crash,CRASH,1642.54237959,0.0015066208279352,-30.04718733,0.0,13.1536106,0.0,0.0,6.25991088,-68.8242,5.0355469,3,5776,150662.08,-4.33267975,100000000.0,0.0
Catfish,CATFISH,1642.48257033,0.0001269963352364,-37.59869654,0.0,-38.58840422,0.0,0.06139363,19.56199286,-34.0091,21.69896833,6,5777,126994.82,7.50125395,999988036.21,0.0
Neged,NEGED,1567.83237702,4.3131085928810126e-05,-78.96510598,0.0,-86.88738214,0.0,0.0,-45.02078299,158.7154,-13.07162123,5,5797,43131.09,1.30583601,1000000000.0,0.0
Pongo,PONGO,1460.53629085,3.273591627691073e-07,-55.80326364,0.0,-69.83511893,0.0,-0.23875182,-1.3246331,-3.2846,5.87166147,1,5830,330665.82,3.04945968,1010101010101.0,0.0
Dino,DINO,1385.55450638,0.0003295215927359,-9.23817898,0.0,-10.92566288,0.0,0.00023552,19.67416141,39.3298,-1.17260469,8,5862,164760.8,-3.13933106,500000000.0,0.0
pre,PRE,1339.3474936,6.69467129998231e-05,-9.94843629,0.0,-42.27623489,0.0,0.0,51.20881916,9.6845,22.61086453,4,5879,66943.89,12.72678435,999957840.97,0.0
Tholana,THOL,1192.86875172,4.818449515092278e-08,-39.49838446,0.0,-50.2852454,0.0,0.0,-9.95388259,71.0977,-6.66039966,5,5941,0.0,2.55201948,0.0,0.0
Dinger Token,DINGER,1181.10793378,9.884923209746298e-07,-34.94524075,0.0,-42.07558509,0.0,0.0,0.57106495,-31.3153,1.21025736,11,5949,988492.32,0.87594178,1000000000000.0,0.0
Jonny Five,JFIVE,994.28525818,0.0011774095435871,-30.14482182,0.0,-3.92630694,0.0,0.0,-14.54658039,0.0,-9.04330766,2,6040,1177409.54,-7.32670992,1000000000.0,0.0
Nigi,NIGI,989.9229989,0.0001145918996119,-86.29469738,0.0,-76.70506397,0.0,0.07876345,5.31675997,-93.2589,-0.42399561,5,6042,112873.02,0.61896964,985000000.0,0.0
YUGE COIN,YUGE,981.21375903,0.0002883287372238,-36.9483744,0.0,-44.41258337,0.0,0.0,-9.21455499,-72.163,-16.09604505,2,6051,287935.87,-3.50761003,998637444.29,0.0
bonkwifhat,BIF,876.27911481,0.0002083706811648,-33.52633444,0.0,-17.70687095,0.0,0.07903128,20.17868733,-84.2147,8.12229833,10,6095,208370.68,2.61427569,1000000000.0,0.0
Chinese Doge Wow,$CHIDO,869.11684779,4.253232149716918e-05,-37.47310304,0.0,-68.44537786,0.0,0.0,35.19306576,44.4134,-31.07920852,1,6100,42532.32,0.3678431,1000000000.0,0.0
GRIMREAPER,GRIM,867.37111985,3.608906008280808e-05,-51.22970636,0.0,-59.72292562,0.0,0.50260293,-15.39271703,-13.7733,-6.13232822,3,6104,36089.06,-1.00041622,1000000000.0,0.0
EGGY,EGGY,801.17805611,0.0014252242417518,-16.9838887,0.0,-19.36710977,0.0,0.0,-19.2497347,0.0,5.85903121,5,6135,142522.42,-0.09727276,100000000.0,0.0
Punkko,PUN,772.43838719,6.78600223222452e-05,-62.92313363,0.0,-64.94411513,0.0,0.03865772,-35.3811097,-68.1093,13.21549372,3,6157,0.0,-2.34519275,0.0,0.0
Block,BLOCK,761.29385852,0.0001165087146484,-36.88452078,0.0,-45.48589031,0.0,0.0449916,4.51029071,34.0055,8.94782646,4,6161,115954.25,0.96108347,995241003.39,0.0
Vote Trump,VTRUMP,757.09604513,0.0004270485438911,-12.84679339,0.0,-66.94379373,0.0,0.0,38.66714073,0.0,3.22244254,1,6165,42704.85,-10.49914945,100000000.0,0.0
Awkward Look Monkey Club,ALMC,753.70584261,6.369768473320251e-05,-56.40712567,0.0,-61.66514179,0.0,0.44579335,-0.06686811,-55.9045,-11.38400611,3,6171,61804.23,-9.31923424,970274373.51,0.0
Chad Coin,CHAD,736.48334726,3.5248212129515767e-06,-29.68279442,0.0,-55.9772869,0.0,0.0,39.91140372,61.4488,-21.64900981,8,6182,828332.99,1.59919463,235000000000.0,0.0
Fofar (fofar.tech),FOFAR,718.54383167,3.5557886466136047e-06,-45.39192259,0.0,-77.13732473,0.0,-0.354626,4.93016531,-37.3869,4.55440067,3,6192,35557.89,-1.75124275,10000000000.0,0.0
Savanna Haus,SVNN,693.68541591,9.325352523489912e-05,-91.22208785,0.0,-96.06563287,0.0,0.0,-56.25612785,-87.2448,5.93159919,5,6206,93253.53,13.67177791,1000000000.0,0.0
Wall Street Bets Solana,WSBS,676.78536128,3.900465626702028e-06,-83.82459307,0.0,-92.54385964,0.0,0.3244972,-38.09988828,-12.376,-20.2685334,4,6219,26912.13,-1.25061056,6899722129.31,0.0
GPU Inu,GPUINU,675.32123993,3.353476260345249e-06,-55.96385445,0.0,-57.91573377,0.0,0.33997505,3.57263156,-71.4522,-0.1625397,2,6220,33534.76,-8.71820468,10000000000.0,0.0
Byat,BYAT,658.8280501,1.4100925690415126e-05,-25.45723723,0.0,-16.43642267,0.0,0.42169099,12.33031638,36.3972,10.48214385,6,6232,47003.09,4.80062256,3333333333.0,0.0
SHEBOSHIS,SHEB,652.50349478,2.361333119309456e-07,-40.28495821,0.0,-59.8529975,0.0,0.0,2.12290213,-77.3756,4.12846032,3,6233,99338.92,2.2974865,420690000000.0,0.0
American Shib,SHIBA,646.09854945,4.2630453381732e-11,-57.34482427,0.0,-96.42298805,0.0,0.0,-5.40711822,0.0,31.68489351,1,6239,42630.45,13.63120756,0.0,0.0
Dwarfy,$DWARFY,624.64747966,5.8114947557965796e-08,-90.00460834,0.0,-93.82005827,0.0,0.0,23.08946194,-87.094,1.37176077,1,6255,24448.38,11.37538534,420690000000.0,0.0
i dont know,IDK,596.291221,6.912638890659326e-05,-16.6746936,0.0,-12.67243615,0.0,0.0,11.67550798,13.0249,10.16893381,5,6277,69126.39,0.14851684,999999972.0,0.0
Champz,CHAMPZ,566.77067617,0.001674568761074,-49.38756474,0.0,-63.93101181,0.0,0.0,13.25173549,-81.8367,13.97688228,2,6299,1674568.76,1.51448403,1000000000.0,0.0
POΞ,POΞ,564.82150281,1.8465635203031223e-05,-14.51399133,0.0,-92.15779257,0.0,0.0,-25.50348323,36.4905,-13.0876834,1,6302,18465.64,-7.99308206,1000000000.0,0.0
Fofar (fofar0x71.com),FOFAR,563.34958688,4.142244015822806e-07,-25.92064511,0.0,-77.75038775,0.0,0.0,18.53600942,-55.7819,23.81131514,3,6304,174260.06,0.42145351,0.0,0.0
Smidge,SMIDGE,558.85627781,6.60384552783376e-06,-34.67259817,0.0,-98.30315561,0.0,0.0,-2.74708655,0.0,-7.1149447,2,6311,6603.84,6.16354108,999999362.0,0.0
Pepy,PEPY,557.54475191,6.1792216150446e-08,-41.03445116,0.0,-32.48176501,0.0,0.0,-24.31919339,0.0,19.55020658,2,6315,25952.73,9.21462796,420000000000.0,0.0
Bonk of America,BONKFA,554.538796,0.0002169874055628,30.29823489,0.0,-39.11004687,0.0,0.0,3.88396542,-88.0207,-2.00199002,10,6317,205039.74,-2.53138108,944938448.68,0.0
NGMI,NGMI,517.5039694,0.000152332869609,-15.69018706,0.0,-99.86187827,0.0,0.0,25.97507373,-22.642,29.85188181,5,6345,152332.87,-0.58200567,970000000.0,0.0
KORRA,KORRA,512.73718396,0.0008189068106207,-61.18615074,0.0,-63.51061645,0.0,0.0,-29.17575301,-69.6068,-8.46623616,4,6349,81889.88,-0.52718866,99999025.9,0.0
BONKLANA,BOK,505.03658211,0.0003571090671624,-15.86691265,0.0,-22.60378732,0.0,-0.10768085,9.06672913,-44.316,7.70104821,16,6354,150232.46,-7.17401349,420690690.0,0.0
BLACK ROCK,ROCK,502.95333826,4.719841981936872e-05,-36.65172941,0.0,-85.88082858,0.0,-0.10024,18.28913893,-55.9931,10.94520994,7,6357,471984.2,1.88305331,10000000000.0,0.0
Jeet,JEET,484.15598787,2.2362977187727695e-05,-63.8374995,0.0,-30.6382676,0.0,0.0,-5.54841825,-6.6727,36.37262529,2,6386,22362.98,1.48052104,1000000000.0,0.0
TUCKER CARLSON,TUCKER,483.7790634,1.909500934324627e-06,-34.90585648,0.0,-58.44357997,0.0,0.0,5.28529949,-28.0201,10.73689581,6,6388,151919.89,-3.64048817,79560000000.0,0.0
BTC Dragon,BTCDRAGON,481.10192246,9.258200370065644e-08,31.14217704,0.0,-9.90916963,0.0,0.0,43.37590996,124.8082,-15.96057064,1,6390,46291.0,-5.63352774,434460627642.0,0.0
Ducky Duck,DUCKY,455.78961779,3.6437652272266724e-08,-69.56525425,0.0,-97.882787,0.0,0.0,-32.45708174,-60.5713,-34.53822715,1,6410,15328.96,-4.70343565,420690000000.0,0.0
DAWKOINS,DAW,432.9341707,7.29397036723813e-05,-43.14586975,0.0,-12.62846978,0.0,0.03680825,44.69080705,-91.722,21.14198677,8,6431,72173.41,-3.4231063,989494204.0,0.0
Don't Buy Inu,DBI,425.61370065,0.0006111107045527,24.53544496,0.0,-10.55846761,0.0,0.0,32.37137569,-96.0592,30.04977408,12,6441,1222221.41,1.97153716,1448126999.8,0.0
KEEM JONG UNN,KEEMJONG,420.04302916,1.7737187597682024e-05,-0.71326839,0.0,-24.64989499,0.0,0.0,48.72227832,-28.8505,10.40308797,2,6448,17344.26,-6.11232632,977847522.0,0.0
THUG,THUG,416.41254148,5.34382111937776e-07,7.17191636,0.0,7.17191636,0.0,0.0,7.17191636,0.0,7.17191636,1,6450,1068764.22,5.21759559,1000000000000.0,0.0
Shibaverse,VERSE,408.19305277,9.097885291270611e-05,-26.5154982,0.0,-35.8197296,0.0,0.0,26.71608261,0.0,24.98853848,13,6457,90978.85,5.71375886,1000000000.0,0.0
Moonlana,MOLA,394.70225941,2.7551321366555296e-05,-27.75351573,0.0,-30.99362072,0.0,0.0,-5.90971986,33.1424,1.94508968,6,6474,115700.81,1.08535263,4199465102.0,0.0
JUGNI,JUGNI,389.32361049,0.0009906430441085,3.14544164,0.0,-5.40919387,0.0,0.0,35.01777116,116.3456,8.05246585,6,6481,99064.3,5.00754643,100000000.0,0.0
Pickle Rick,PRICK,351.13737919,4.880352414779605e-05,-84.73814392,0.0,-98.51818035,0.0,-0.2700836,-29.15304419,-57.375,-14.3057717,6,6534,48803.52,-2.95450244,1000000000.0,0.0
Croakey,CROAK,329.61115353,4.1076096498029415e-06,7.07006631,0.0,-23.28614353,0.0,0.0,0.62819675,-79.9317,7.76754781,3,6568,410760.96,0.93301665,98000000000.0,0.0
Xeno,XENO,322.20970225,1.3637547833515792e-05,26.81910434,0.0,-16.70501404,0.0,0.0,54.5811194,0.0,10.29693103,2,6582,136375.48,6.00760283,10000000000.0,0.0
Chump Change,CHUMP,310.15506874,1.6817370874458167e-05,4.04821822,0.0,28.82953708,0.0,0.0,1.3772849,-77.2535,0.66599735,2,6594,16817.37,-0.39963298,1000000000.0,0.0
Donald Pump,DONALD,300.80378258,9.968038073623808e-05,-82.47589924,0.0,-92.17294857,0.0,-0.0337336,2.54895172,-94.0119,10.87106846,3,6612,82636.96,-1.11829053,829019279.0,0.0
HamsterBase,HB,298.19283467,6.538701505556367e-06,-51.62515675,0.0,-58.33948656,0.0,0.0,35.12597062,-89.5315,5.27506437,1,6618,65387.02,-2.25463866,10000000000.0,0.0
WillyBumBum,BUM,287.11027939,1.5026391698589982e-05,-28.63833771,0.0,-45.94945319,0.0,0.0,1.93042382,-78.7675,0.88637391,1,6639,420738.97,1.19540276,28000000000.0,0.0
N64,N64,283.41252869,0.0013061531631629,-80.29663357,0.0,-80.29663357,0.0,0.0,-21.17035156,-18.9238,1.22621212,2,6646,83593.8,3.01159607,64000000.0,0.0
Monku,MONKU,249.9036257,3.438130114511809e-05,-29.83070566,0.0,-43.13814096,0.0,0.0,12.96689202,33.985,9.78224293,2,6693,34381.27,4.35892855,999999025.0,0.0
THE BIG LEZ SHOW,BIGLEZ,243.77039818,1.1250866084451333e-05,-0.52256994,0.0,-43.62783167,0.0,0.23131774,33.24464367,111.1984,-17.08236426,2,6706,12375.95,-9.49366913,1100000000.0,0.0
Based Peaches,PEACH,234.0121493,0.0001240621178168,-63.91791867,0.0,-92.63579867,0.0,-0.27553933,-15.37108111,11.8221,-6.10984382,5,6724,110277.44,1.46823523,888888888.0,0.0
Rock,ROCK,231.24774767,1.461468358035769e-06,-22.07069101,0.0,-32.25612718,0.0,0.0,-8.99225416,0.0,18.60407286,3,6731,146146.84,1.23756237,86000000000.0,0.0
Optimus Inu,OPINU,213.64849938,8.380099034196855e-05,-32.09146087,0.0,-45.43576742,0.0,0.0,-5.18624523,0.0,2.04844117,2,6773,83800.99,4.36913932,1000000000.0,0.0
Elon Musk,MUSK,209.98752151,1.400531220403176e-05,-14.88813096,0.0,-31.5446831,0.0,0.0,15.98828822,-95.2346,12.13950013,3,6785,140053.12,0.65910902,10000000000.0,0.0
coolcat,COOL,209.62561011,6.817322487333617e-05,-21.53389251,0.0,-3.17558763,0.0,0.19830947,3.5215661,172.1077,12.90461944,3,6786,68101.57,1.34988824,998948995.0,0.0
Pigeon In Yellow Boots,PIGEON,201.79221813,2.4130325893035517e-05,-54.94157245,0.0,-63.00879048,0.0,0.0,-31.49235129,56.0288,14.07328372,6,6805,24123.33,-1.15427009,999710020.67,0.0
MFERS,MFERS,201.2413236,0.0002953001933892,-49.82885358,0.0,-82.33395937,0.0,0.0,-16.05319606,-9.2984,-4.52736358,4,6807,29530.02,7.34284994,100000000.0,0.0
wat,WAT,198.70932803,6.278731459475643e-08,-79.40844873,0.0,-93.47341804,0.0,0.0,-32.32963876,-87.8645,3.19033358,1,6815,26414.0,2.69703611,420690000000.0,0.0
GigaChadGPT,GIGA,183.50817185,0.0004540514445923,0.5187848,0.0,2.95027641,0.0,0.0,19.23090504,-57.0767,7.96812042,2,6845,45405.14,3.99417521,100000000.0,0.0
SonicWifHat,SONICWIF,174.69926401,3.720163458915801e-05,-42.38314449,0.0,-55.47902041,0.0,-0.00389964,-4.24417321,-72.2173,0.24565467,4,6867,0.0,6.10621641,0.0,0.0
PINK - The Panther,PINK,173.99279643,1.0392140509321627e-05,-99.12500805,0.0,-99.12500805,0.0,0.0,-24.95429197,74.1806,7.8889532,2,6871,10392.14,-6.89936242,1000000000.0,0.0
Dogeclub,DOGC,170.67014611,7.62326988556075e-10,-39.33738569,0.0,-26.68046279,0.0,0.0,0.29596087,-90.9386,26.04022581,3,6880,152854.96,3.2359497,0.0,0.0
Baba,BABA,169.14472864,6.92852623043188e-06,-81.55331318,0.0,-99.61056992,0.0,0.0,-7.46424509,-21.7496,-11.94220846,2,6885,6928.52,0.11620611,999999775.0,0.0
Don Jr.,$DONJR,168.50667433,5.8996467945859015e-08,-86.44735253,0.0,-95.73067949,0.0,0.0,-60.76014644,-90.4632,-23.99751628,1,6891,58996.47,3.18111147,1000000000000.0,0.0
Nola,NOLA,158.95249056,0.0002199692649101,-22.28020752,0.0,-9.10305971,0.0,0.0,23.1019373,-60.0586,2.19295289,17,6922,219969.26,-0.04468903,1000000000.0,0.0
shork,SHORK,156.89705132,0.0002358625424839,-33.16404119,0.0,-60.06820867,0.0,0.0,6.0365966,-91.7608,12.82595942,10,6929,58713.37,-2.24586328,248930466.0,0.0
DogeBonk,DOBO,156.89333727,0.0008234376741715,-25.38423027,0.0,-31.42403157,0.0,0.0,-32.55365354,-64.8091,-2.29235934,3,6930,346412.0,-0.08776859,420690000.0,0.0
Brianwifhat,BIF,152.72834775,1.092412450200115e-07,-25.06151534,0.0,-52.29967482,0.0,0.0,9.0994003,-79.17,45.71940818,2,6942,45881.32,-0.90134207,420000000000.0,0.0
BookOfBullrun,BOOB,149.48092903,0.0003349532158779,-27.90941904,0.0,-34.47383112,0.0,0.0,5.31944563,-31.4918,6.69520616,3,6951,334953.02,-1.11827321,999999424.0,0.0
Pambicoin,PAMBI,144.70864137,0.0001086391262375,-13.42255411,0.0,-42.75641443,0.0,0.0,60.90670503,-1.194,41.23480045,18,6971,108639.13,0.65522585,1000000000.0,0.0
Boys Club,BOYS,141.25753025,7.5899982085767e-11,-9.58409765,0.0,-90.84757666,0.0,-1e-08,37.81434273,0.0,44.57825231,1,6982,31930.88,1.15075795,0.0,0.0
Blast Pepe,BEPE,138.42386401,8.727004765659858e-07,-48.48710879,0.0,-75.44040048,0.0,0.0,8.23230895,-24.539,4.09605931,9,6992,87270.05,-0.53243862,100000000000.0,0.0
Kitty Coin Solana,KITTY,131.52762731,0.0003433022547696,-35.32219605,0.0,-44.14418128,0.0,0.0,-5.76175301,-41.6097,24.70859693,9,7020,185383.22,1.10412428,540000000.0,0.0
Jake The Dog,JAKE,128.17888925,0.0001164898240348,-40.02356762,0.0,-31.12283179,0.0,-0.00211365,26.6174461,-37.2105,27.73165544,4,7032,49006.1,-6.40176086,420690000.0,0.0
Fresco,FRESCO,128.03695826,5.5309535279172e-11,-24.89757823,0.0,-61.30103636,0.0,0.0,5.01816436,0.0,18.45343914,1,7033,23268.17,2.76495156,0.0,0.0
Cats Of Sol,COS,127.93831916,0.0008600004001417,-33.05585902,0.0,-27.39574549,0.0,0.0,6.53509332,-52.5974,3.95736662,6,7035,86000.04,1.05927739,100000000.0,0.0
Choppy,CHOPPY,126.65864868,1.058902924576556e-06,-38.57583015,0.0,-33.3307507,0.0,0.0,48.76377969,-88.9875,2.19197671,1,7043,105890.29,-2.79953202,100000000000.0,0.0
Artificial Idiot,AII,122.69040953,3.741916859726281e-05,-32.29464215,0.0,-26.43257569,0.0,0.0,6.49074899,-14.7942,1.84281572,3,7053,36918.51,0.16142046,986620347.0,0.0
Gen AI BOT,GENAI,115.86452561,0.0001055990190194,-26.44270435,0.0,-35.52701298,0.0,0.0,-0.80264949,0.0,9.44127923,3,7073,10559.89,4.82788475,99999849.0,0.0
TWEETY,TWEETY,115.02406555,5.327930831749149e-07,-4.06702472,0.0,-5.73297962,0.0,0.0,4.58750487,0.0,5.26024423,2,7076,111886.55,0.11355053,102900000000.0,0.0
Ewon Mucks,EWON,108.38289473,6.153628971301126e-05,-30.3660872,0.0,-35.54120364,0.0,0.0,-4.51209168,75.4048,12.79705567,2,7107,61536.29,-0.03676693,1000000000.0,0.0
ROXY FROG,ROXY,105.98804535,3.079394245618933e-06,-77.54237697,0.0,-92.86201262,0.0,-0.26264009,-4.96814364,-27.8171,19.42191328,2,7116,30793.94,0.13827357,8500000000.0,0.0
Saudi Bonk,SAUDIBONK,105.0854428,1.9139859213153769e-07,-22.40739483,0.0,-34.81843007,0.0,0.0,4.63569339,0.0,3.06902607,2,7123,19139.86,-2.40325423,100000000000.0,0.0
Dawg Coin,DAWG,104.47647376,0.0002046215275034,-38.64580462,0.0,-53.39949296,0.0,0.0,-5.3877974,0.0,17.74374394,6,7127,204621.53,3.23044616,1000000000.0,0.0
Degen,DEGEN,100.2424485,4.626215333627754e-06,-27.53388997,0.0,-32.69889809,0.0,-0.00038265,11.37073065,90.659,7.53780774,12,7143,9249.96,5.56423575,1999465788.0,0.0
Black Sale,BLACKSALE,95.99060122,0.0009403084347558,-69.44739296,0.0,-76.5904861,0.0,0.0,-53.06987209,0.0,5.60407138,1,7155,465523.25,-1.05551369,0.0,0.0
RoseWifHat,ROSE,90.83241345,2.5265566097502325e-06,-3.76641741,0.0,26.89565419,0.0,0.0,1.3843503,-92.8153,8.94233453,6,7176,174332.41,0.45391688,69000000420.0,0.0
pepecoin on SOL,PEPE,90.21040493,0.0002304816283546,-21.39169388,0.0,-25.35742421,0.0,0.0,21.21762813,-95.5543,1.64308145,9,7179,96754.52,-2.7427474,419792749.41,0.0
MUNSUN,MUNSUN,86.44747617,0.0001099238014505,-86.72417231,0.0,-86.72417231,0.0,0.0,-11.97473259,0.0,-3.98071925,1,7192,109923.8,-1.75412297,1000000000.0,0.0
dogeatingpasta,PAWSTA,86.0553857,6.41332525642253e-05,-81.7090311,0.0,-91.69494845,0.0,-0.27838641,-63.3451953,16.5728,-6.06368964,2,7193,63964.59,-1.76427485,997370078.0,0.0
Ben's Finale,FINALE,81.65703791,2.9116818846865045e-06,-24.16812672,0.0,-27.04874743,0.0,0.0,5.51578845,0.0,15.82501568,4,7211,160142.5,3.3092344,55000000000.0,0.0
Deadpool,DEAD,79.49958508,0.0001793660581126,-26.19534386,0.0,-18.96792402,0.0,0.0,5.72795475,23.8844,2.72699222,2,7223,0.0,0.41398539,0.0,0.0
Purrcoin,PURR,76.97867996,4.990890283891848e-05,-34.35678396,0.0,-59.38265682,0.0,0.0,-14.47799111,-78.9217,-1.00976133,1,7231,49908.9,1.43149651,1000000000.0,0.0
Touch Grass,GRASS,73.98280514,0.0001272390467973,-30.71176308,0.0,-24.46577021,0.0,0.0,-26.41690068,0.0,4.31056282,1,7242,127239.05,2.08349172,1000000000.0,0.0
Coolcoin,COOL,68.09728799,0.0004051969494668,-41.59814369,0.0,-48.7392627,0.0,0.0,0.93122402,-76.0968,5.76622054,7,7265,384936.58,3.11133429,949998722.83,0.0
MoreGen FreeMoon,MOON,67.44493747,1.8465032262021528e-06,-41.28430762,0.0,-41.62327919,0.0,0.0,-7.54097191,-84.7455,8.22260423,2,7274,184650.32,-0.34556866,100000000000.0,0.0
Pepe Classic,PEPC,65.59352798,8.5e-22,0.0,0.0,0.0,0.0,0.0,0.0,0.0,0.0,1,7284,0.0,0.0,0.0,0.0
KIM YONG EN,RMK,62.25897096,0.0001309588553319,-28.8300515,0.0,-7.82999181,0.0,0.0,-3.15350238,-21.0307,7.03219671,2,7304,130958.85,3.51050095,999999997.0,0.0
Carl,CARL,59.73241316,5.811478935221773e-06,-98.3928401,0.0,-98.77829355,0.0,0.0,11.55603119,0.0,5.72523904,2,7325,5811.39,2.24317536,999985088.0,0.0
Ducker,DUCKER,59.65751681,9.333965036144108e-07,-37.04586842,0.0,-76.78906664,0.0,0.0,-8.58562262,-94.3016,3.71085194,2,7326,64797.24,-0.23231738,69420911007.0,0.0
Doge Floki Coin,DOFI,48.70303883,1.18142818164e-13,-4.08891951,0.0,-4.49599545,0.0,-1.55e-06,10.8972051,-95.8162,6.01100371,10,7381,49619.98,2.53565135,0.0,0.0
BABY GUMMY,BABYGUMMY,48.40611337,1.719898009554731e-05,-18.93216082,0.0,-21.85862693,0.0,0.0,0.50745222,0.0,12.20824132,4,7383,17198.98,7.55889593,1000000000.0,0.0
DONT SELL YOUR F#CKING BITCOIN,BITCOIN,47.35077987,2.2363033778267266e-06,-23.64215173,0.0,-28.64705657,0.0,0.0,2.46896211,-86.3893,7.97001881,2,7391,46959.02,1.20693058,20998501914.0,0.0
Kabosu,$KABOSU,46.34460855,6.377529345868541e-06,-29.32429655,0.0,-7.32962429,0.0,0.0,14.21109993,-60.4171,4.34715836,2,7396,63775.29,1.97190755,10000000000.0,0.0
MAGA,TRUMP,45.85298426,9.458397442501016e-07,-49.8550704,0.0,-58.94062089,0.0,0.0,-3.20967843,0.0,4.9737353,3,7401,945839.74,1.22185684,1000000000000.0,0.0
YUMMY,YUMMY,44.35453462,4.763842146146708e-06,28.75155801,0.0,32.864771,0.0,0.0,41.35858984,0.0,7.13401926,3,7416,1933643.94,3.22511009,405900087040.0,0.0
Joe Coin,JOE,43.03392539,0.000221174508132,-8.41904062,0.0,-19.51033541,0.0,0.0,1.34557669,149.2043,6.77677526,2,7428,22117.45,2.16388587,100000000.0,0.0
Pouwifhat,POU,40.76937437,4.780431789164329e-05,-30.16077435,0.0,-26.49208947,0.0,0.0,10.68357639,74.6492,7.79698481,5,7453,4780.4,4.73409101,99999310.0,0.0
CATX,CATX,39.44041743,8.242305980450094e-07,-21.99066864,0.0,-5.44541942,0.0,0.45821132,-36.95989942,-99.9371,-1.90629341,1,7464,824230.6,3.97131973,1000000000000.0,0.0
BankerCoinAda,BANK,36.74319071,3.67431907061e-07,-9.74298807,0.0,-9.44510969,0.0,0.0,6.89685475,-70.8187,16.23722243,6,7490,918579.77,-1.9000251,2500000000000.0,0.0
CATEX,CATEX,36.58828403,4.525905032375151e-06,-0.32287271,0.0,-1.25573812,0.0,0.0,9.67432132,-99.3824,7.57243399,1,7495,4525905.03,2.77971247,1000000000000.0,0.0
SOFT COQ INU,SOFTCO,33.28480488,3.2344285623983125e-05,-25.99649523,0.0,-68.66747264,0.0,0.0,-11.15308514,-85.1794,-0.67925545,2,7540,32344.29,-11.47274802,1000000000.0,0.0
Baby Maga,BABYMAGA,32.17125718,8.947242e-18,-11.93659083,0.0,-13.46960955,0.0,-0.03081148,16.34905555,0.0,10.32358042,1,7553,0.0,4.89146978,0.0,0.0
Poodl Inu,POODL,31.49822508,5.1098629734288815e-05,-39.94242753,0.0,-51.52079896,0.0,0.0,-0.8174176,-97.4228,7.9468878,2,7559,352580.55,4.3113393,6900000000.0,0.0
dogwifceo,WIFC,30.03107364,3.604448978593436e-07,-99.42838125,0.0,-99.42838125,0.0,-0.007453,-82.58142518,-22.6542,-12.03637446,3,7573,36044.49,14.18801233,100000000000.0,0.0
Kamala Harris (kamalaharristoken.net),HARRIS,29.62869693,8.79557023839594e-09,-19.14922568,0.0,-70.75986634,0.0,0.0,12.08078206,0.0,8.98074752,2,7580,37002.08,4.30535314,0.0,0.0
Vatra INU,VATR,28.74206472,0.0009837225347792,-29.24499408,0.0,-48.41637589,0.0,-0.007453,-11.48933264,-86.5185,13.49693621,1,7590,145590.94,11.12170715,148000000.0,0.0
HMM,HMM,28.03378547,0.0002755805539374,-39.84292449,0.0,-37.95031168,0.0,0.0,5.90545189,-80.0694,16.21812524,5,7599,243335.53,-1.66578096,882992390.0,0.0
Flappy,$FLAPPY,27.70280925,1.3481673946557648e-06,-58.47270512,0.0,-86.2827862,0.0,0.0,-10.10578308,-88.4905,1.89417536,2,7604,13481.67,1.96845752,9999999719.0,0.0
MAGA,TRUMP,26.33555748,3.5798859726070146e-05,-18.72354234,0.0,-1.96480909,0.0,0.0,1.36467337,-97.6419,6.46982913,4,7622,35798.0,0.86556629,999975926.0,0.0
Migglei,MIGGLEI,25.32879583,4.462561056836926e-06,-28.35659896,0.0,-94.31036843,0.0,0.0,-12.35071053,0.0,18.702779,1,7636,4462.56,3.67635104,963831798.0,0.0
MBAPEPE,MBAPEPE,24.45774857,2.7091868016709686e-05,-28.19401549,0.0,-52.42763478,0.0,0.0,37.20659002,-93.9291,8.18245743,3,7646,27091.87,-0.9459766,1000000000.0,0.0
MoonBoys,MBOYS,24.1970087,9.568865239931291e-06,-63.75166091,0.0,-87.66966982,0.0,0.0,-20.28960063,-53.581,-3.46830692,1,7651,220083.9,1.8558388,0.0,0.0
Book of Solana,BOSOL,21.87092019,0.0002721796865922,-28.45979808,0.0,-7.08698168,0.0,0.0,7.81638097,-98.1711,3.48089128,3,7679,187803.98,4.29625744,690000000.0,0.0
Solana Kit,SOLKIT,21.5949669,0.0003630391909034,-19.68249538,0.0,-48.98448328,0.0,0.0,8.24501289,0.0,10.07419129,7,7683,36303.92,3.70387308,100000000.0,0.0
SAUDI PEPE,SAUDIPEPE,21.04094752,1.9959544521490515e-06,-20.08592838,0.0,-13.6847903,0.0,0.0,2.23104908,0.0,9.46350035,6,7692,19959.54,3.69770521,10000000000.0,0.0
SWIFTIES,SWIFTIES,20.67732447,0.0005046846739321,-26.98042938,0.0,-33.94448301,0.0,0.0,0.78123909,-13.167,3.22217013,3,7699,50468.37,0.72169381,99999808.0,0.0
Neiro Solana (neirosolana.me),NEIRO,20.17226388,2.163124455348855e-06,-94.05737819,0.0,-94.05737819,0.0,0.0,13.42535068,19.8025,21.23171489,1,7712,2163.12,-0.54808414,1000000000.0,0.0
Astronaut Aron,ARON,19.99837031,6.0627953569124505e-06,-52.80596015,0.0,-60.49530045,0.0,0.0,-34.27337002,65.8602,4.91438723,2,7716,6062.8,0.56584273,1000000000.0,0.0
FarLaunch,FAR,19.93270613,1.5537549777107825e-05,-37.60501116,0.0,-69.22580953,0.0,0.0,-0.33580318,-69.7682,5.38973416,3,7717,15537.55,8.69734866,1000000000.0,0.0
Mexico Chingon,CHINGON,18.50169746,0.000836613701119,-17.75157155,0.0,2.02028607,0.0,0.0,8.53547747,107.9137,1.8867175,2,7750,105425.06,0.81331144,126014024.0,0.0
Giga Cat on Base,GCAT,16.74777459,4.449324770610314e-05,-25.41371634,0.0,-69.19416234,0.0,0.0,43.74310329,-93.5147,29.94652347,1,7775,44493.25,1.21125863,1000000000.0,0.0
Egypt Cat,SPHYNX,16.6004294,0.0007077745276376,-30.96338879,0.0,-23.86572942,0.0,0.0,-0.68769598,95.9778,-5.60600264,10,7778,707774.53,0.07686831,1000000000.0,0.0
Rex,REX,15.80684301,0.000246664109949,-59.77968019,0.0,-68.07676835,0.0,0.0,-24.66960203,-86.5244,-4.54040683,6,7788,24666.41,5.13578085,99999999.0,0.0
Justin MEME,Sun,15.69694932,5.864530903090817e-06,-93.35709327,0.0,-93.35709327,0.0,0.0,-5.61489214,0.0,4.07089179,2,7792,5864.53,2.89519951,1000000000.0,0.0
DONKE,DONKE,14.77828215,2.89244470245794e-07,-49.39210786,0.0,-55.93572188,0.0,0.0,6.69005744,-97.8025,12.28381043,2,7808,14461.96,-0.90439623,49999081208.0,0.0
burek obema,OBEMA,13.14115752,3.870423898662027e-05,-57.09435347,0.0,-79.6756804,0.0,0.0,-12.47669697,-81.6372,-4.36510747,5,7851,38704.24,-2.53196969,1000000000.0,0.0
HairyPotheadTrempSanic69Inu,SOLANA,12.93829223,1.3370654932403492e-05,-50.71986152,0.0,-35.59252683,0.0,0.0,1.25928489,-34.81,1.95039896,2,7857,13370.27,2.05177666,999971519.65,0.0
SUPER PEPE,PEPE,12.10020034,2.836607236915306e-07,-10.71299782,0.0,-3.46473987,0.0,0.0,12.72408851,22.7784,7.41965308,1,7879,3703.74,2.05166087,13056935023.0,0.0
Alan the Alien,ALAN,11.14473403,8.51459288723585e-07,-21.82372031,0.0,-0.07816901,0.0,0.0,4.81986758,-49.4794,6.60746685,2,7926,36910.76,0.24075267,43349998826.0,0.0
GAMESTUMP,GEME,10.85662305,1.4191625713690876e-05,-36.58158287,0.0,-16.06863123,0.0,0.0,-9.40275668,0.0,7.77172407,2,7932,12062.88,4.41790345,850000000.0,0.0
NBA BSC,NBABSC,10.67108156,4.946269381915815e-06,-18.42936848,0.0,-23.44249331,0.0,0.0,-3.32436953,6.2867,3.16874811,1,7934,4941.86,-0.42010416,999108442.0,0.0
Luna 2.0,LUNA2.0,9.24463188,8.640875144968431e-09,-43.0236365,0.0,-43.72362414,0.0,0.0,-13.02245384,0.0,-0.9618258,1,7978,50289.89,-6.29627073,5820000000000.0,0.0
SwinCoin,SWIN,9.04278328,1.910612607668992e-06,-19.99599367,0.0,-16.81695033,0.0,0.0,6.16329147,-52.0031,6.03947325,5,7984,191.06,2.77506433,100000000.0,0.0
Chonk The Cat,CHONK,8.24976864,4.170442088012735e-05,-15.99444263,0.0,-38.2321422,0.0,0.0,-11.53918975,0.0,11.06364254,1,8010,41704.42,2.13171746,1000000000.0,0.0
Monkecoin,MONKE,7.40155233,4.759155175910512e-06,6.28908742,0.0,4.64267377,0.0,0.0,13.69651258,0.0,6.79553022,1,8031,47591.55,3.51845936,10000000000.0,0.0
Apu,APU,6.19595487,1.3702558186078917e-07,-21.69277191,0.0,-59.15825594,0.0,0.00455732,-19.88487343,-63.9782,8.74353164,4,8059,57550.74,6.20221115,420000000000.0,0.0
Awkward Monkey Base,AWK,6.07136005,4.260162833645197e-07,-17.53030239,0.0,-17.73442334,0.0,0.0,-4.93474626,-99.6372,-0.9216183,1,8065,294245.48,0.94454463,685153315071.0,0.0
Wenwifhat,WHY,6.03751929,0.0004432234985998,-51.34356602,0.0,-64.25529242,0.0,0.0,19.38682144,-97.6616,-0.26994938,3,8067,44322.35,3.10660911,100000000.0,0.0
Lola,$LOLA,4.41343268,2.7331877829022436e-08,32.40058748,0.0,5.29173546,0.0,0.0,-47.67860307,-93.6667,-2.52720756,4,8117,18221.25,-2.35469681,666666666666.0,0.0
TRUMP2024,TRUMP2024,4.15414049,6.163811934020842e-05,-54.74010815,0.0,-31.95489858,0.0,0.0,1.94154126,135.8562,1.43666263,2,8125,11094.86,5.57141572,180000000.0,0.0
CATO,CATO,3.23642504,0.0012065839722476,-32.65264456,0.0,-27.9506839,0.0,0.0,-5.83191291,-49.5132,-11.87523116,8,8159,361975.19,-0.97755715,300000000.0,0.0
Lolo,LOLO,3.2092058,3.278342320470262e-05,7.35702985,0.0,7.35702985,0.0,0.0,7.35702985,-75.617,8.85014362,1,8165,32783.24,0.79628505,999994410.0,0.0
Gently Used Girl,GURL,3.14761707,6.994704604386888e-07,-8.72697572,0.0,-28.49277769,0.0,0.0,-0.07742051,0.0,14.21992235,2,8168,4370.93,4.79662415,6248914125.0,0.0
CyberTrump,CYBERTRUMP,2.88862256,3.899354058025584e-06,-55.10516735,0.0,-71.3984161,0.0,0.0,-24.65777633,0.0,8.48306463,2,8178,297.68,0.23765875,76340000.0,0.0
Akita Inu,AKT,2.53713777,8.29734142538821e-05,-21.79359115,0.0,-9.29697089,0.0,0.0,5.71621161,-83.3684,8.87674925,3,8196,59796.36,0.39302362,720668884.0,0.0
Gemini Inu,GEMINI,2.12679029,8.50716114438215e-06,-28.24395934,0.0,-12.39716683,0.0,0.0,3.67436711,0.0,7.30057648,2,8218,8507.16,4.21205946,1000000000.0,0.0
Crustieno Renaldo,SIUUU,2.06937189,1.5836737133381843e-05,-24.3572094,0.0,-35.70511158,0.0,0.0,12.84664002,-54.4779,18.84924485,2,8220,15836.74,3.75141499,1000000000.0,0.0
sacré bleu,PIERRE,2.05160884,7.955199634703443e-06,-91.31774727,0.0,-91.31774727,0.0,0.0,-25.58480605,-94.8058,-4.17191191,2,8221,7955.2,2.14914335,1000000000.0,0.0
TOP G PEPE,PEPEG,1.81059325,2.7678633750452695e-07,-95.7479593,0.0,-97.39743303,0.0,0.0,-26.51384162,0.0,-8.64339888,1,8242,2767.86,0.06801134,10000000000.0,0.0
Borkie,BORKIE,1.69767428,1.1489004049458188e-05,-28.81702989,0.0,-50.2970551,0.0,0.0,3.07333145,0.0,-7.21780444,1,8250,11489.0,1.13420326,1000000000.0,0.0
Penguiana,PENGU,1.57029189,0.0001925792638159,-92.9784038,0.0,-97.74309826,0.0,0.0,75.88742553,-99.6423,-19.73491021,2,8260,19257.93,2.28172499,100000000.0,0.0
BOMBOCLAT,BCLAT,1.5594047,8.388964148007846e-06,-17.69207666,0.0,-3.28053979,0.0,0.0,-1.29015134,0.0,23.70678552,2,8262,8388.3,3.40967121,999921151.0,0.0
Doginphire,FIRE,1.55819187,5.400576536938865e-05,-28.3011886,0.0,-15.78072806,0.0,0.0,2.40645276,-99.6677,4.75236771,6,8263,53947.19,1.73766792,998915329.0,0.0
Bong - Bonk's Brother,$BONG,1.42224841,3.5771144299111694e-07,-38.01572966,0.0,-13.63460606,0.0,0.0,-4.88258723,-99.129,-0.17560657,3,8269,35767.28,0.92904778,99989186093.0,0.0
Lyra,LYRA,1.08656076,2.0265872842460757e-05,-34.32738564,0.0,-40.87186048,0.0,0.0,-15.3707674,-98.8978,-0.70561666,2,8307,20265.87,0.00735597,1000000000.0,0.0
pepewifhat,PWH,1.00944948,4.545915770783608e-05,-33.64028155,0.0,-21.74948396,0.0,0.0,-14.14740273,34.454,-5.35803417,3,8312,19124.21,2.93413818,420690000.0,0.0
Cate Coin,$CATE,0.63199885,7.048261095138132e-05,-95.60546627,0.0,-95.60546627,0.0,0.0,-19.61771681,-94.8441,1.33664989,2,8349,7048.26,2.55870936,100000000.0,0.0
Swole Doge,SWOLE,0.46728686,3.4780809231170864e-06,11.74568339,0.0,0.97990498,0.0,0.0,1.72674316,117.3763,7.41847382,3,8365,31302.73,-0.45859994,9000000000.0,0.0
Pepe The Frog,PEPEBNB,0.45707058,5.8210694399920153e-08,6.42777525,0.0,0.59480987,0.0,0.0,16.06394145,-98.6901,6.94537255,12,8366,24448.49,2.03134249,420000000000.0,0.0
MOTO DOG,TOBI,0.38544164,1.9272081856056738e-05,-37.49097848,0.0,-33.705795,0.0,0.0,6.39745729,-94.9775,2.05543121,4,8375,19272.08,3.00745383,1000000000.0,0.0
Doge Of Grok AI,DOGEGROKAI,0.3711529,8.921886828749477e-07,-37.26327162,0.0,-29.34803299,0.0,0.0,-12.52026272,-96.2424,4.36179085,2,8377,8921.89,4.15183499,10000000000.0,0.0
DogemonGo,DOGO,0.29891957,4.032614290336411e-06,-39.16370197,0.0,-20.79137336,0.0,0.0,-16.12293051,0.0,8.44449396,15,8385,403261.43,3.87758706,100000000000.0,0.0
Badluckbaby,BLBY,0.19813312,2.6045746917968426e-05,-20.13595745,0.0,14.18388655,0.0,0.0,4.07547171,0.0,7.31924634,2,8399,7813.72,8.84545613,300000000.0,0.0
Lola,LOLA,0.16946769,0.0002770850952732,-25.13809636,0.0,-7.80564971,0.0,0.0,2.24688345,-98.9832,3.65794794,2,8406,26038.42,-1.10009573,93972661.0,0.0
DILLWIFIT,DILL,0.00365993,1.002502153270454e-05,-53.65921614,0.0,-89.50263437,0.0,0.0,-10.5648752,-99.9959,0.32835852,2,8460,10023.7,0.14420763,999867801.0,0.0
Dogecoin 2.0,DOGE2,0.0,0.000731292539289,-7.47234123,0.0,-39.60668913,0.0,0.0,22.33020454,0.0,7.03909175,15,8932,73129.25,-1.16568871,0.0,0.0
Shakita Inu,SHAK,0.0,4.371544519311457e-05,0.82125375,0.0,-1.22185585,0.0,0.0,-20.32936296,0.0,5.52133032,7,8960,323494.29,6.887677,7400000000.0,0.0
OOGI,OOGI,0.0,2.770347484179076e-06,0.00278494,0.0,-25.57620943,0.0,-0.01281768,0.01102181,0.0,-0.01160818,13,8980,50974.39,0.00446467,18400000000.0,0.0
MAGA Coin,MAGA,0.0,6.379000571814248e-05,-73.0268127,0.0,-76.29105514,0.0,0.0,-67.30893015,-100.0,2.49497437,5,8986,63790.01,0.17133779,1000000000.0,0.0
Kragger Inu,KINU,0.0,9.99924552940543e-05,0.02323167,0.0,0.17748828,0.0,0.02235592,-0.00825782,0.0,0.00638828,2,9120,99992.46,-0.01628036,1000000000.0,0.0
Pepito BSC,PEPI,0.0,4.998622640124859e-05,0.00322302,0.0,0.14743103,0.0,0.00234745,-0.02826017,0.0,-0.00361436,2,9261,49986.23,-0.02628274,1000000000.0,0.0
Shrek ERC,SHREK,0.0,1.0315862823003467e-07,-55.16385717,0.0,-29.92547217,0.0,0.0,-10.2378007,0.0,5.44963934,1,9278,103158.63,9.14107887,1000000000000.0,0.0
KEVIN,KEVIN,0.0,1.74265024419171e-07,-8.02696689,0.0,-22.14478958,0.0,0.0,9.10391944,-100.0,11.56325005,1,9280,120242.87,1.4955367,690000000000.0,0.0
Reddit,REDDIT,0.0,0.0010456469218272,-11.11343,0.0,-26.7196363,0.0,0.0,19.91981014,-100.0,-3.68500885,6,9328,104564.69,0.0,100000000.0,0.0
Jerome Powell,POWELL,0.0,0.0005082323631581,-15.83147946,0.0,3.75456394,0.0,0.0,52.31104319,0.0,5.09107349,3,9334,50823.24,0.0,100000000.0,0.0
Evil Pepe,EVILPEPE,0.0,1.3338308016412311e-05,-15.95095638,0.0,-27.19744876,0.0,0.0,4.08534256,0.0,14.66023601,2,9350,88833.13,0.0,6660000000.0,0.0
Froggy,FROGGY,0.0,3.432394950973068e-07,8.43077996,0.0,6.57235818,0.0,0.0,13.99903213,-100.0,6.56029527,8,9362,144160.59,0.0,420000000000.0,0.0
Baby Luffy,BLF,0.0,0.0004192719360747,64.88548382,0.0,45.32840344,0.0,0.00435756,26.17629605,0.0,25.46186719,3,9371,4192.72,-0.09939253,10000000.0,0.0
Droggy,DROGGY,0.0,7.000695115873905e-09,-30.00169135,0.0,-22.08946063,0.0,-0.01543135,40.01177053,0.0,16.65007448,3,9388,14169.41,-0.03252815,2024000000000.0,0.0
SOLANA MEME TOKEN,SOL10,0.0,3.167164246939354e-05,-32.19979049,0.0,-51.18954159,0.0,0.0,-4.57146892,-100.0,2.06649535,2,9395,31671.64,0.0,1000000000.0,0.0
Skibidi Toilet,SKIBIDI,0.0,1.51964324748e-07,-16.55014461,0.0,-76.74348537,0.0,0.3424867,22.004315,0.0,16.33007575,2,9398,15196.43,3.54577106,100000000000.0,0.0
Lacostoken,LCSN,0.0,1.0001245778561142e-07,0.00269818,0.0,0.17446574,0.0,0.00234745,0.01093504,0.0,-0.00361436,5,9404,146318.23,-0.00627999,1463000000000.0,0.0
Silly Duck,DUCK,0.0,1.5414259830477114e-07,-32.46400199,0.0,-16.29964985,0.0,0.0,4.78221067,0.0,0.98871325,3,9405,15414.26,0.0,100000000000.0,0.0
BULL,BULL,0.0,0.0001700652044825,-43.07888738,0.0,-38.62623845,0.0,0.0,10.1606373,0.0,10.21875067,4,9406,3571.37,0.0,21000000.0,0.0
doginwotah,WATER,0.0,3.176734600510252e-05,-21.88987409,0.0,2.05860134,0.0,0.0,-4.73106238,-100.0,9.58578233,2,9415,31732.82,0.0,998913264.0,0.0
EGG ETH,EGG,0.0,5.979401721936052e-06,-53.13765112,0.0,-62.95468488,0.0,0.0,-29.62759565,0.0,-2.09960896,1,9418,35876.41,0.0,6000000000.0,0.0
Criminal Flamingo,CRIMINGO,0.0,0.0001100109232494,-81.03494101,0.0,-85.38907617,0.0,-0.01543135,-38.88375096,0.0,-0.01422188,2,9429,11001.09,-0.03252815,100000000.0,0.0
TRUMP INU,TRUMP INU,0.0,1.0627869707782502e-06,-60.68945151,0.0,-69.43328147,0.0,0.0,-17.91400825,-100.0,1.15102174,1,9431,106278.7,0.94722068,100000000000.0,0.0
MAGA,TRUMP,0.0,1.5291859e-17,11.37552085,0.0,5.97268893,0.0,0.01215836,5.75282858,-100.0,3.88491178,1,9432,0.0,2.15002681,46502515.0,0.0
Snoopy,SNOOPY,0.0,0.0002359487735167,-37.81300015,0.0,-11.6451553,0.0,0.0,-13.35313237,-100.0,-29.33491134,3,9433,23594.88,0.0,100000000.0,0.0
Grok 1.5,GROK 1.5,0.0,2.7198249135281465e-08,-92.18842093,0.0,-95.63516665,0.0,0.0,0.81310143,0.0,11.30188971,1,9439,11442.03,0.0,419052305145.0,0.0
SafemoonTon,SAFET,0.0,7.468559605263493e-08,-28.29526587,0.0,-52.20411797,0.0,0.0,1.77879143,-100.0,2.70900017,1,9441,74685.6,0.0,1000000000000.0,0.0
Safemuun,SAFEMUUN,0.0,1.161565605595194e-05,-52.86008862,0.0,-30.42912214,0.0,0.0,-38.22343738,0.0,-1.6018128,2,9444,10989.48,0.0,946091943.11,0.0
Plerf,PLERF,0.0,3.1637740469686694e-05,-31.82454689,0.0,-8.3135992,0.0,0.0,-19.99911698,0.0,4.62676779,2,9453,0.0,0.0,0.0,0.0
Doge In Glasses,DIG,0.0,0.0003300413970321,12.43708127,0.0,-4.45416673,0.0,-0.01281768,-0.00489983,0.0,-0.01160818,3,9461,138617.41,-0.00619324,420000069.0,0.0
Meow Of Meme,MEME,0.0,4.471050819139152e-06,28.68666384,0.0,-91.55404692,0.0,0.0,-21.35802632,0.0,0.0,3,9462,0.0,0.0,0.0,0.0
Memeolorgy,LORGY,0.0,2.078672394288423e-05,-37.37651203,0.0,-51.67863201,0.0,0.0,-16.40749034,-100.0,5.2331595,8,9464,14529.92,0.0,699000000.0,0.0
Shibaqua,SHIB,0.0,9.234244051177797e-08,-75.90720293,0.0,-79.61127366,0.0,0.0,-76.46421418,0.0,33.58187208,3,9468,32034.94,0.0,107543535703.0,0.0
BUBCAT,BUB,0.0,8.100707049739876e-05,-13.17234107,0.0,-29.89725673,0.0,-0.00538516,-0.01222908,0.0,0.00235593,5,9473,81007.07,-0.00931991,1000000000.0,0.0
TMRW Coin,TMRW,0.0,9.66388397249491e-06,-30.27239417,0.0,-75.27957073,0.0,0.0,-17.85185381,0.0,8.8641027,4,9484,9663.88,0.0,1000000000.0,0.0
mouse in a cats world,MOW,0.0,8.215041862016786e-07,-19.11035213,0.0,2.65575975,0.0,0.0,8.36176974,-100.0,4.85050244,4,9496,82150.42,0.0,99999999999.0,0.0
Katy Perry Fans,KATYCAT,0.0,0.0002656122989202,-17.1283165,0.0,-3.01639299,0.0,0.0,-6.37536753,0.0,8.92442158,2,9500,26561.23,0.0,100000000.0,0.0
Book of Pets,BOP,0.0,6.839572977868601e-06,-42.26470436,0.0,-26.6262275,0.0,0.0,-15.01640599,0.0,5.34931239,2,9503,6839.57,0.0,999999861.0,0.0
TrumpCat,TRUMPCAT,0.0,2.1268051473679164e-05,-33.64731347,0.0,-2.06024498,0.0,0.0,-4.23429418,-100.0,5.6414348,5,9510,21268.05,0.0,1000000000.0,0.0
Silly Patek,PATEK,0.0,1.8802601594001825e-05,-27.80588767,0.0,-64.23516815,0.0,0.0,-2.3348189,-100.0,13.64220403,2,9518,14609.62,0.0,777000000.0,0.0
PLUNZ,PLZ,0.0,2.0285324470487186e-06,-82.24733873,0.0,-86.46296414,0.0,0.0,-49.62632205,-100.0,12.10520965,1,9521,10142.66,0.0,5000000000.0,0.0
ReptilianZuckerBidenBartcoin,BART,0.0,2.3802422041124823e-05,-29.47307693,0.0,-62.53183982,0.0,0.0,-8.87933707,0.0,7.98584303,1,9524,23802.42,0.0,1000000000.0,0.0
Trump vs Biden,TRUMPBIDEN,0.0,1.1687743253030636e-05,-90.04680109,0.0,-62.0267108,0.0,0.0,-9.62589643,0.0,4.73949143,2,9532,116.88,0.0,10000000.0,0.0
Cat in Gucci,CUCCI,0.0,1.0157537081514768e-05,-17.0490854,0.0,-82.95391233,0.0,0.0,17.48629069,-100.0,2.44113543,2,9536,0.0,0.0,0.0,0.0
DOGBA INU,DOGBA,0.0,1.5290508831084616e-06,-61.09453265,0.0,-64.07970189,0.0,0.0,-27.93585301,-100.0,-8.0363792,3,9537,1529.05,0.0,1000000000.0,0.0
milly,MILLY,0.0,9.049901981246369e-06,-82.78028761,0.0,-70.83024428,0.0,0.0,-46.57975896,0.0,-18.74395416,2,9543,9036.04,0.0,998468408.58,0.0
MusCat,MUSCAT,0.0,3.5165495615771644e-08,-76.21207677,0.0,-98.38744652,0.0,0.0,-16.29815574,0.0,-0.43785063,2,9544,3516.55,0.0,100000000000.0,0.0
PhrygeETH,PHRYGE,0.0,4.902806245902136e-09,-56.76683908,0.0,-96.97734754,0.0,0.0,26.91321371,0.0,34.1961435,1,9567,20625.62,0.0,4206900000000.0,0.0
TrumpWifHat,TWIN,0.0,9.821673717345896e-05,-77.98181605,0.0,-54.30291888,0.0,0.0,-3.03406086,-100.0,-13.24619208,2,9573,6890.86,0.0,70159760.01,0.0
Queen Of Memes,QUEEN,0.0,9.729377575407393e-08,-41.75966749,0.0,-69.01168441,0.0,0.0,0.04352766,-100.0,3.1416033,1,9580,39874.09,0.0,409831836953.0,0.0
ハチ公,HACHIKO,0.0,9.001314630941842e-08,-17.21373085,0.0,-82.99332821,0.0,0.0,10.96935896,-100.0,5.72123277,2,9589,37867.63,-1.63288118,420690000000.0,0.0
BERNIE SENDERS,BERNIE,0.0,2.3558004372798697e-05,-25.81135967,0.0,-97.49251333,0.0,0.0,-2.15522121,-100.0,-0.24542102,2,9598,16255.02,0.0,689999898.0,0.0
Hachiko,HACHI,0.0,0.0001262041283325,53.45246818,0.0,-84.92524653,0.0,0.0,89.70856237,-100.0,4.79395857,2,9599,12620.41,0.0,100000000.0,0.0
BILLY,BILLY,0.0,1.1997209681638316e-05,-21.62580304,0.0,-93.50229393,0.0,0.0,7.93321515,-100.0,5.92864161,1,9602,11997.21,0.0,1000000000.0,0.0
Bitcoin Black Credit Card,BBCC,0.0,5.302385449034724e-05,-84.62337912,0.0,-94.496451,0.0,0.0,-26.2844467,0.0,6.91189419,1,9610,53023.85,0.0,0.0,0.0
TRUMPAMANIA,TRUMPAMANIA,0.0,6.1047783473456e-08,-72.02085675,0.0,-99.30046557,0.0,-0.00132335,-38.47806983,0.0,-31.96174309,3,9612,25682.19,-0.00229035,420690000000.0,0.0
PEPE BIRD,PEBIRD,0.0,1.4836027237007267e-06,-66.57074607,0.0,-96.51185012,0.0,0.0,-30.80888585,0.0,-3.85767703,2,9613,1483.6,0.0,1000000000.0,0.0
South Pao,PAO,0.0,5.467106838601959e-08,-79.02688466,0.0,-99.38442534,0.0,0.0,-11.24196828,0.0,-0.64874786,2,9617,22999.57,0.0,0.0,0.0
Cats Are Liquidity,PRRR,0.0,1.1150674740054287e-05,-93.48930992,0.0,-95.88197959,0.0,0.0,-20.67040388,0.0,6.71831912,1,9619,11150.67,0.0,1000000000.0,0.0
The Phryges,PHRYGES,0.0,1.1198269186121178e-07,-71.32657805,0.0,-96.39384039,0.0,0.0,-4.90836277,-100.0,11.44396736,1,9624,11198.27,0.0,100000000000.0,0.0
Arky Satoshi's Dog,ARKY,0.0,9.72633120412138e-06,-88.55219748,0.0,-88.55219748,0.0,0.0,-7.15862483,-100.0,4.03966433,2,9627,8686.58,0.0,893098833.0,0.0
Neko Arc,ARC,0.0,2.212190580375788e-05,-92.0534175,0.0,-92.0534175,0.0,0.0,-37.11157727,-100.0,25.14813187,1,9631,22121.91,0.0,1000000000.0,0.0
Brainlet,BLET,0.0,6.570442263790046e-06,-96.91271135,0.0,-96.91271135,0.0,0.0,12.20355447,0.0,-9.12443236,1,9645,6570.44,0.0,1000000000.0,0.0
Labubu,LABUBU,0.0,2.413875593361368e-06,-94.37190367,0.0,-94.37190367,0.0,0.0,-36.02004994,0.0,7.48123511,1,9648,2413.88,0.0,1000000000.0,0.0
Huobi Dog,WOOF,0.0,3.405714675881546e-05,-79.45964043,0.0,-79.45964043,0.0,0.0,-31.1175995,0.0,-35.37982635,2,9651,34057.15,0.0,1000000000.0,0.0
